minute_utc,actionable_results,stocks,stocks_actionable,best_net_bps
2026-10-01T22:00Z,4,1,HOOD,0.30
2026-10-01T22:01Z,83,2,HOOD MSFT,1.27
2026-10-01T22:02Z,260,2,HOOD MSFT,1.55
2026-10-01T22:03Z,155,2,HOOD MSFT,0.89
2026-10-01T22:04Z,220,3,HOOD META MSFT,1.25
2026-10-01T22:05Z,138,2,AAPL HOOD,2.00
2026-10-01T22:06Z,206,1,HOOD,2.19
2026-10-01T22:07Z,226,3,AMZN HOOD NVDA,3.74
2026-10-01T22:08Z,162,1,HOOD,2.73
2026-10-01T22:09Z,103,2,HOOD MSFT,2.85
2026-10-01T22:10Z,27,1,HOOD,3.08
2026-10-01T22:11Z,7,1,HOOD,0.83
2026-10-01T22:12Z,10,1,HOOD,2.03
2026-10-01T22:13Z,0,0,"",
2026-10-01T22:14Z,88,1,HOOD,1.86
2026-10-01T22:15Z,86,1,HOOD,2.02
2026-10-01T22:16Z,94,1,HOOD,2.77
2026-10-01T22:17Z,34,1,HOOD,0.63
2026-10-01T22:18Z,17,1,HOOD,0.15
2026-10-01T22:19Z,0,0,"",
2026-10-01T22:20Z,0,0,"",
2026-10-01T22:21Z,0,0,"",
2026-10-01T22:22Z,0,0,"",
2026-10-01T22:23Z,0,0,"",
2026-10-01T22:24Z,0,0,"",
2026-10-01T22:25Z,2,1,HOOD,0.31
2026-10-01T22:26Z,0,0,"",
2026-10-01T22:27Z,6,1,MSFT,0.92
2026-10-01T22:28Z,0,0,"",
2026-10-01T22:29Z,165,1,META,1.91
2026-10-01T22:30Z,40,1,META,0.99
2026-10-01T22:31Z,0,0,"",
2026-10-01T22:32Z,8,2,META MSFT,4.86
2026-10-01T22:33Z,0,0,"",
2026-10-01T22:34Z,0,0,"",
2026-10-01T22:35Z,0,0,"",
2026-10-01T22:36Z,0,0,"",
2026-10-01T22:37Z,3,1,NVDA,0.74
2026-10-01T22:38Z,0,0,"",
2026-10-01T22:39Z,0,0,"",
2026-10-01T22:40Z,0,0,"",
2026-10-01T22:41Z,0,0,"",
2026-10-01T22:42Z,0,0,"",
2026-10-01T22:43Z,0,0,"",
2026-10-01T22:44Z,0,0,"",
2026-10-01T22:45Z,0,0,"",
2026-10-01T22:46Z,0,0,"",
2026-10-01T22:47Z,0,0,"",
2026-10-01T22:48Z,0,0,"",
2026-10-01T22:49Z,0,0,"",
2026-10-01T22:50Z,0,0,"",
2026-10-01T22:51Z,0,0,"",
2026-10-01T22:52Z,2,1,NVDA,0.03
2026-10-01T22:53Z,6,1,MSFT,0.69
2026-10-01T22:54Z,2,1,MSFT,1.91
2026-10-01T22:55Z,5,1,MSFT,1.16
2026-10-01T22:56Z,0,0,"",
2026-10-01T22:57Z,0,0,"",
2026-10-01T22:58Z,0,0,"",
2026-10-01T22:59Z,0,0,"",
2026-10-01T23:00Z,46,2,GOOGL NVDA,1.20
2026-10-01T23:01Z,471,2,GOOGL NVDA,2.71
2026-10-01T23:02Z,467,4,GOOGL HOOD MSFT NVDA,2.20
2026-10-01T23:03Z,599,6,AMZN GOOGL HOOD MSFT NVDA TSLA,5.43
2026-10-01T23:04Z,463,4,GOOGL HOOD MSFT NVDA,2.27
2026-10-01T23:05Z,291,5,COIN GOOGL META MSFT NVDA,1.76
2026-10-01T23:06Z,304,4,COIN GOOGL META NVDA,1.28
2026-10-01T23:07Z,376,3,GOOGL MSFT NVDA,1.47
2026-10-01T23:08Z,186,1,GOOGL,2.84
2026-10-01T23:09Z,444,3,GOOGL MSFT NVDA,1.40
2026-10-01T23:10Z,315,3,GOOGL HOOD NVDA,1.32
2026-10-01T23:11Z,452,3,GOOGL HOOD NVDA,1.75
2026-10-01T23:12Z,423,4,GOOGL HOOD MSFT NVDA,2.40
2026-10-01T23:13Z,334,3,GOOGL MSFT NVDA,1.79
2026-10-01T23:14Z,445,3,GOOGL MSFT NVDA,3.02
2026-10-01T23:15Z,256,4,GOOGL HOOD MSFT NVDA,3.55
2026-10-01T23:16Z,433,4,GOOGL HOOD MSFT NVDA,3.12
2026-10-01T23:17Z,416,4,GOOGL HOOD MSFT NVDA,3.57
2026-10-01T23:18Z,620,4,GOOGL HOOD MSFT NVDA,3.65
2026-10-01T23:19Z,566,2,GOOGL MSFT,2.90
2026-10-01T23:20Z,377,2,GOOGL MSFT,2.28
2026-10-01T23:21Z,537,2,GOOGL MSFT,2.67
2026-10-01T23:22Z,583,2,GOOGL MSFT,3.63
2026-10-01T23:23Z,637,3,GOOGL HOOD MSFT,3.94
2026-10-01T23:24Z,429,2,GOOGL MSFT,3.37
2026-10-01T23:25Z,426,3,GOOGL MSFT NVDA,3.77
2026-10-01T23:26Z,324,3,GOOGL HOOD MSFT,2.89
2026-10-01T23:27Z,308,2,GOOGL MSFT,2.91
2026-10-01T23:28Z,422,2,GOOGL MSFT,2.65
2026-10-01T23:29Z,396,2,GOOGL MSFT,2.57
2026-10-01T23:30Z,297,2,GOOGL MSFT,3.04
2026-10-01T23:31Z,515,2,GOOGL MSFT,2.44
2026-10-01T23:32Z,392,2,GOOGL MSFT,2.71
2026-10-01T23:33Z,435,3,GOOGL MSFT NVDA,3.86
2026-10-01T23:34Z,376,3,HOOD MSFT NVDA,2.40
2026-10-01T23:35Z,331,4,COIN GOOGL MSFT NVDA,2.58
2026-10-01T23:36Z,477,3,COIN MSFT NVDA,2.49
2026-10-01T23:37Z,472,4,COIN GOOGL HOOD MSFT,1.99
2026-10-01T23:38Z,306,1,MSFT,2.24
2026-10-01T23:39Z,516,4,COIN GOOGL HOOD MSFT,3.02
2026-10-01T23:40Z,607,5,COIN GOOGL HOOD META MSFT,2.90
2026-10-01T23:41Z,567,3,COIN HOOD MSFT,3.05
2026-10-01T23:42Z,348,3,COIN HOOD MSFT,3.68
2026-10-01T23:43Z,304,2,META MSFT,3.26
2026-10-01T23:44Z,340,4,AAPL COIN HOOD MSFT,1.25
2026-10-01T23:45Z,252,3,COIN HOOD MSFT,2.07
2026-10-01T23:46Z,276,1,MSFT,2.18
2026-10-01T23:47Z,270,1,MSFT,2.54
2026-10-01T23:48Z,186,3,AMZN GOOGL MSFT,0.79
2026-10-01T23:49Z,177,4,COIN GOOGL HOOD MSFT,2.18
2026-10-01T23:50Z,293,4,COIN GOOGL HOOD MSFT,1.16
2026-10-01T23:51Z,513,5,AMZN GOOGL HOOD MSFT TSLA,1.42
2026-10-01T23:52Z,218,2,HOOD MSFT,0.82
2026-10-01T23:53Z,417,5,AMZN GOOGL HOOD META MSFT,2.14
2026-10-01T23:54Z,446,3,GOOGL HOOD MSFT,2.64
2026-10-01T23:55Z,264,3,GOOGL HOOD MSFT,0.99
2026-10-01T23:56Z,290,5,AAPL AMZN GOOGL HOOD MSFT,3.30
2026-10-01T23:57Z,230,2,HOOD MSFT,1.72
2026-10-01T23:58Z,457,3,GOOGL HOOD MSFT,1.70
2026-10-01T23:59Z,229,2,GOOGL MSFT,2.01
2026-10-02T00:00Z,15,1,MSFT,0.29
2026-10-02T00:01Z,110,2,COIN MSFT,5.02
2026-10-02T00:02Z,7,2,COIN MSFT,0.60
2026-10-02T00:03Z,5,1,MSFT,0.03
2026-10-02T00:04Z,0,0,"",
2026-10-02T00:05Z,4,2,MSFT NVDA,3.73
2026-10-02T00:06Z,4,2,GOOGL NVDA,1.75
2026-10-02T00:07Z,3,1,NVDA,0.01
2026-10-02T00:08Z,1,1,NVDA,0.36
2026-10-02T00:09Z,6,1,MSFT,0.24
2026-10-02T00:10Z,3,1,HOOD,0.07
2026-10-02T00:11Z,0,0,"",
2026-10-02T00:12Z,18,3,COIN MSFT NVDA,1.04
2026-10-02T00:13Z,0,0,"",
2026-10-02T00:14Z,0,0,"",
2026-10-02T00:15Z,80,2,AAPL MSFT,1.82
2026-10-02T00:16Z,19,1,MSFT,0.51
2026-10-02T00:17Z,94,1,MSFT,2.53
2026-10-02T00:18Z,156,2,MSFT NVDA,0.77
2026-10-02T00:19Z,59,1,MSFT,2.72
2026-10-02T00:20Z,15,3,AAPL MSFT NVDA,3.19
2026-10-02T00:21Z,31,1,MSFT,0.96
2026-10-02T00:22Z,130,2,MSFT NVDA,1.63
2026-10-02T00:23Z,48,3,AAPL MSFT NVDA,1.67
2026-10-02T00:24Z,128,1,MSFT,1.56
2026-10-02T00:25Z,160,1,MSFT,0.92
2026-10-02T00:26Z,257,1,MSFT,1.52
2026-10-02T00:27Z,146,1,MSFT,1.46
2026-10-02T00:28Z,63,1,MSFT,1.07
2026-10-02T00:29Z,155,1,MSFT,1.27
2026-10-02T00:30Z,72,1,MSFT,1.77
2026-10-02T00:31Z,134,1,MSFT,1.37
2026-10-02T00:32Z,270,1,MSFT,2.18
2026-10-02T00:33Z,158,2,GOOGL MSFT,1.96
2026-10-02T00:34Z,147,2,AAPL MSFT,1.46
2026-10-02T00:35Z,185,1,MSFT,3.67
2026-10-02T00:36Z,338,2,AAPL MSFT,2.33
2026-10-02T00:37Z,14,2,AAPL MSFT,0.92
2026-10-02T00:38Z,0,0,"",
2026-10-02T00:39Z,241,2,AAPL MSFT,1.84
2026-10-02T00:40Z,50,2,AAPL MSFT,1.75
2026-10-02T00:41Z,246,2,AAPL MSFT,1.66
2026-10-02T00:42Z,528,2,AAPL MSFT,1.41
2026-10-02T00:43Z,537,2,AAPL MSFT,2.34
2026-10-02T00:44Z,616,3,AAPL HOOD MSFT,2.89
2026-10-02T00:45Z,315,3,AAPL HOOD MSFT,2.01
2026-10-02T00:46Z,446,3,AAPL HOOD MSFT,1.83
2026-10-02T00:47Z,256,4,AAPL GOOGL HOOD MSFT,1.83
2026-10-02T00:48Z,257,3,HOOD MSFT NVDA,2.47
2026-10-02T00:49Z,337,2,AAPL MSFT,1.61
2026-10-02T00:50Z,438,2,AAPL MSFT,1.67
2026-10-02T00:51Z,256,1,MSFT,1.85
2026-10-02T00:52Z,251,2,AAPL MSFT,2.14
2026-10-02T00:53Z,281,2,AAPL MSFT,1.46
2026-10-02T00:54Z,113,2,MSFT NVDA,1.01
2026-10-02T00:55Z,217,2,AAPL MSFT,1.68
2026-10-02T00:56Z,258,1,MSFT,1.45
2026-10-02T00:57Z,192,1,MSFT,1.11
2026-10-02T00:58Z,257,1,MSFT,1.64
2026-10-02T00:59Z,143,2,HOOD MSFT,1.78
2026-10-02T01:00Z,75,1,MSFT,1.32
2026-10-02T01:01Z,204,1,MSFT,1.64
2026-10-02T01:02Z,288,2,GOOGL MSFT,3.90
2026-10-02T01:03Z,258,1,MSFT,2.20
2026-10-02T01:04Z,251,1,MSFT,1.91
2026-10-02T01:05Z,261,3,AAPL GOOGL MSFT,3.27
2026-10-02T01:06Z,213,1,MSFT,1.34
2026-10-02T01:07Z,300,1,MSFT,1.52
2026-10-02T01:08Z,316,1,MSFT,1.18
2026-10-02T01:09Z,237,1,MSFT,1.93
2026-10-02T01:10Z,309,2,MSFT NVDA,3.06
2026-10-02T01:11Z,297,2,MSFT NVDA,2.57
2026-10-02T01:12Z,307,2,MSFT NVDA,2.98
2026-10-02T01:13Z,223,1,MSFT,2.91
2026-10-02T01:14Z,336,1,MSFT,2.60
2026-10-02T01:15Z,305,2,GOOGL MSFT,2.22
2026-10-02T01:16Z,310,1,MSFT,2.44
2026-10-02T01:17Z,272,1,MSFT,2.59
2026-10-02T01:18Z,311,2,AAPL MSFT,3.45
2026-10-02T01:19Z,268,1,MSFT,2.78
2026-10-02T01:20Z,254,1,MSFT,3.02
2026-10-02T01:21Z,281,1,MSFT,2.59
2026-10-02T01:22Z,251,2,AAPL MSFT,1.99
2026-10-02T01:23Z,323,2,AAPL MSFT,1.82
2026-10-02T01:24Z,273,1,MSFT,2.43
2026-10-02T01:25Z,261,1,MSFT,2.68
2026-10-02T01:26Z,203,1,MSFT,2.40
2026-10-02T01:27Z,285,1,MSFT,2.31
2026-10-02T01:28Z,303,1,MSFT,2.35
2026-10-02T01:29Z,329,2,AAPL MSFT,2.68
2026-10-02T01:30Z,278,2,AAPL MSFT,2.54
2026-10-02T01:31Z,238,2,AAPL MSFT,2.63
2026-10-02T01:32Z,408,2,AAPL MSFT,2.61
2026-10-02T01:33Z,451,2,AAPL MSFT,2.23
2026-10-02T01:34Z,310,2,AAPL MSFT,2.39
2026-10-02T01:35Z,268,1,MSFT,2.39
2026-10-02T01:36Z,405,2,AAPL MSFT,1.72
2026-10-02T01:37Z,290,1,MSFT,2.07
2026-10-02T01:38Z,351,2,AAPL MSFT,2.09
2026-10-02T01:39Z,455,2,AAPL MSFT,1.51
2026-10-02T01:40Z,480,2,AAPL MSFT,2.88
2026-10-02T01:41Z,389,3,AAPL META MSFT,2.87
2026-10-02T01:42Z,249,2,AAPL MSFT,1.44
2026-10-02T01:43Z,490,3,AAPL MSFT NVDA,1.87
2026-10-02T01:44Z,590,2,AAPL MSFT,3.01
2026-10-02T01:45Z,402,2,AAPL MSFT,1.55
2026-10-02T01:46Z,375,2,AAPL MSFT,0.79
2026-10-02T01:47Z,182,2,AAPL MSFT,0.57
2026-10-02T01:48Z,254,3,AAPL HOOD MSFT,1.66
2026-10-02T01:49Z,152,1,AAPL,1.44
2026-10-02T01:50Z,244,3,AAPL MSFT NVDA,3.98
2026-10-02T01:51Z,506,3,AAPL MSFT NVDA,3.08
2026-10-02T01:52Z,492,5,AAPL COIN HOOD MSFT NVDA,2.58
2026-10-02T01:53Z,154,2,AAPL MSFT,1.52
2026-10-02T01:54Z,256,3,AAPL MSFT NVDA,1.46
2026-10-02T01:55Z,250,2,HOOD MSFT,1.21
2026-10-02T01:56Z,241,3,AAPL HOOD MSFT,1.27
2026-10-02T01:57Z,490,3,AAPL HOOD MSFT,1.70
2026-10-02T01:58Z,192,3,AAPL HOOD MSFT,0.77
2026-10-02T01:59Z,115,3,AAPL HOOD MSFT,0.87
2026-10-02T02:00Z,155,3,COIN HOOD MSFT,4.14
2026-10-02T02:01Z,151,2,HOOD MSFT,1.02
2026-10-02T02:02Z,283,2,HOOD MSFT,1.15
2026-10-02T02:03Z,77,2,HOOD MSFT,1.30
2026-10-02T02:04Z,245,4,AAPL HOOD MSFT NVDA,5.78
2026-10-02T02:05Z,329,2,HOOD MSFT,2.24
2026-10-02T02:06Z,260,1,MSFT,0.82
2026-10-02T02:07Z,219,2,META MSFT,0.94
2026-10-02T02:08Z,395,4,HOOD META MSFT NVDA,1.05
2026-10-02T02:09Z,259,2,HOOD MSFT,1.29
2026-10-02T02:10Z,397,4,HOOD MSFT MSTR NVDA,2.41
2026-10-02T02:11Z,462,2,HOOD MSFT,2.98
2026-10-02T02:12Z,471,2,HOOD MSFT,2.60
2026-10-02T02:13Z,329,4,AAPL HOOD MSFT NVDA,6.41
2026-10-02T02:14Z,258,3,AAPL HOOD MSFT,1.74
2026-10-02T02:15Z,256,2,HOOD MSFT,2.36
2026-10-02T02:16Z,495,4,AAPL HOOD MSFT NVDA,1.93
2026-10-02T02:17Z,225,3,AAPL HOOD MSFT,1.01
2026-10-02T02:18Z,294,2,HOOD MSFT,0.68
2026-10-02T02:19Z,297,3,HOOD MSFT NVDA,0.64
2026-10-02T02:20Z,210,2,AAPL MSFT,0.71
2026-10-02T02:21Z,170,1,MSFT,1.37
2026-10-02T02:22Z,50,2,MSFT NVDA,0.79
2026-10-02T02:23Z,11,1,MSFT,0.04
2026-10-02T02:24Z,0,0,"",
2026-10-02T02:25Z,0,0,"",
2026-10-02T02:26Z,51,1,MSFT,0.17
2026-10-02T02:27Z,128,2,MSFT NVDA,1.52
2026-10-02T02:28Z,185,1,MSFT,0.47
2026-10-02T02:29Z,397,4,AAPL AMZN MSFT NVDA,0.55
2026-10-02T02:30Z,155,3,AAPL MSFT NVDA,0.99
2026-10-02T02:31Z,71,2,AAPL MSFT,1.51
2026-10-02T02:32Z,278,2,META MSFT,0.79
2026-10-02T02:33Z,73,1,AAPL,0.59
2026-10-02T02:34Z,53,2,AAPL MSFT,1.09
2026-10-02T02:35Z,24,4,AAPL AMZN MSFT NVDA,1.69
2026-10-02T02:36Z,65,2,MSFT NVDA,0.19
2026-10-02T02:37Z,131,1,MSFT,0.75
2026-10-02T02:38Z,95,1,MSFT,0.51
2026-10-02T02:39Z,121,1,MSFT,1.09
2026-10-02T02:40Z,317,2,MSFT NVDA,1.49
2026-10-02T02:41Z,44,2,MSFT NVDA,0.50
2026-10-02T02:42Z,4,2,MSFT NVDA,0.69
2026-10-02T02:43Z,12,1,HOOD,1.53
2026-10-02T02:44Z,236,2,HOOD MSFT,0.73
2026-10-02T02:45Z,302,2,AAPL MSFT,0.58
2026-10-02T02:46Z,170,2,AAPL MSFT,0.53
2026-10-02T02:47Z,169,3,COIN HOOD MSFT,3.60
2026-10-02T02:48Z,45,2,HOOD MSFT,0.37
2026-10-02T02:49Z,146,3,AAPL HOOD MSFT,1.76
2026-10-02T02:50Z,82,2,HOOD MSFT,1.72
2026-10-02T02:51Z,157,1,MSFT,0.67
2026-10-02T02:52Z,206,2,HOOD MSFT,1.00
2026-10-02T02:53Z,187,1,MSFT,0.71
2026-10-02T02:54Z,155,1,MSFT,1.39
2026-10-02T02:55Z,4,1,NVDA,0.46
2026-10-02T02:56Z,59,2,HOOD NVDA,1.04
2026-10-02T02:57Z,244,2,MSFT NVDA,0.99
2026-10-02T02:58Z,302,2,MSFT NVDA,1.23
2026-10-02T02:59Z,458,2,MSFT NVDA,1.60
2026-10-02T03:00Z,57,2,MSFT NVDA,0.61
2026-10-02T03:01Z,86,4,COIN HOOD MSFT NVDA,3.44
2026-10-02T03:02Z,116,2,HOOD MSFT,1.76
2026-10-02T03:03Z,109,2,MSFT NVDA,0.49
2026-10-02T03:04Z,384,2,MSFT NVDA,0.97
2026-10-02T03:05Z,170,3,AMZN MSFT NVDA,0.78
2026-10-02T03:06Z,322,2,MSFT NVDA,2.70
2026-10-02T03:07Z,333,1,MSFT,1.71
2026-10-02T03:08Z,353,2,MSFT NVDA,1.80
2026-10-02T03:09Z,294,1,MSFT,1.58
2026-10-02T03:10Z,184,2,MSFT NVDA,1.60
2026-10-02T03:11Z,308,2,MSFT NVDA,0.93
2026-10-02T03:12Z,258,1,MSFT,0.96
2026-10-02T03:13Z,257,2,COIN MSFT,1.02
2026-10-02T03:14Z,116,1,MSFT,0.48
2026-10-02T03:15Z,30,1,MSFT,0.48
2026-10-02T03:16Z,202,1,MSFT,0.82
2026-10-02T03:17Z,101,1,MSFT,0.72
2026-10-02T03:18Z,223,1,MSFT,0.46
2026-10-02T03:19Z,133,1,MSFT,0.46
2026-10-02T03:20Z,174,1,MSFT,0.31
2026-10-02T03:21Z,298,2,MSFT NVDA,0.89
2026-10-02T03:22Z,250,1,MSFT,0.87
2026-10-02T03:23Z,302,1,MSFT,1.26
2026-10-02T03:24Z,182,1,MSFT,2.43
2026-10-02T03:25Z,77,2,AAPL MSFT,1.52
2026-10-02T03:26Z,122,1,MSFT,0.29
2026-10-02T03:27Z,46,1,MSFT,0.85
2026-10-02T03:28Z,6,2,MSFT NVDA,1.83
2026-10-02T03:29Z,0,0,"",
2026-10-02T03:30Z,20,1,MSFT,0.14
2026-10-02T03:31Z,18,1,MSFT,0.44
2026-10-02T03:32Z,99,1,MSFT,1.03
2026-10-02T03:33Z,175,2,HOOD MSFT,0.98
2026-10-02T03:34Z,214,2,HOOD MSFT,0.75
2026-10-02T03:35Z,64,1,MSFT,0.64
2026-10-02T03:36Z,208,1,MSFT,1.49
2026-10-02T03:37Z,40,1,MSFT,1.54
2026-10-02T03:38Z,139,1,MSFT,0.47
2026-10-02T03:39Z,144,1,MSFT,0.65
2026-10-02T03:40Z,28,1,MSFT,0.11
2026-10-02T03:41Z,15,1,MSFT,0.07
2026-10-02T03:42Z,260,1,MSFT,0.44
2026-10-02T03:43Z,210,1,MSFT,0.96
2026-10-02T03:44Z,248,1,MSFT,0.96
2026-10-02T03:45Z,124,2,HOOD MSFT,0.76
2026-10-02T03:46Z,312,1,MSFT,1.29
2026-10-02T03:47Z,175,1,MSFT,1.31
2026-10-02T03:48Z,303,1,MSFT,1.56
2026-10-02T03:49Z,364,2,MSFT NVDA,2.01
2026-10-02T03:50Z,305,2,MSFT NVDA,1.65
2026-10-02T03:51Z,104,1,MSFT,2.07
2026-10-02T03:52Z,374,2,MSFT NVDA,1.33
2026-10-02T03:53Z,255,1,MSFT,1.14
2026-10-02T03:54Z,295,1,MSFT,2.07
2026-10-02T03:55Z,139,2,MSFT NVDA,1.81
2026-10-02T03:56Z,118,2,MSFT NVDA,1.51
2026-10-02T03:57Z,256,2,MSFT NVDA,1.50
2026-10-02T03:58Z,230,2,MSFT NVDA,1.17
2026-10-02T03:59Z,322,2,MSFT NVDA,1.17
2026-10-02T04:00Z,177,2,MSFT NVDA,2.66
2026-10-02T04:01Z,313,4,HOOD MSFT MSTR NVDA,4.04
2026-10-02T04:02Z,305,3,HOOD MSFT NVDA,1.40
2026-10-02T04:03Z,160,2,MSFT NVDA,1.13
2026-10-02T04:04Z,2,1,MSFT,0.41
2026-10-02T04:05Z,160,2,MSFT NVDA,0.59
2026-10-02T04:06Z,211,1,MSFT,0.83
2026-10-02T04:07Z,280,2,MSFT NVDA,2.00
2026-10-02T04:08Z,306,2,MSFT NVDA,1.22
2026-10-02T04:09Z,326,1,MSFT,1.08
2026-10-02T04:10Z,331,2,MSFT NVDA,1.94
2026-10-02T04:11Z,274,2,MSFT NVDA,1.25
2026-10-02T04:12Z,213,3,COIN MSFT NVDA,0.70
2026-10-02T04:13Z,8,2,MSFT NVDA,0.31
2026-10-02T04:14Z,346,2,MSFT NVDA,2.39
2026-10-02T04:15Z,251,2,MSFT NVDA,1.60
2026-10-02T04:16Z,203,2,MSFT NVDA,1.80
2026-10-02T04:17Z,170,2,MSFT NVDA,0.86
2026-10-02T04:18Z,270,1,MSFT,0.80
2026-10-02T04:19Z,311,4,COIN HOOD MSFT NVDA,2.70
2026-10-02T04:20Z,400,5,HOOD MSFT MSTR NVDA TSLA,9.62
2026-10-02T04:21Z,456,5,AAPL HOOD MSFT MSTR NVDA,5.21
2026-10-02T04:22Z,361,3,AAPL MSFT NVDA,2.12
2026-10-02T04:23Z,486,4,AAPL HOOD MSFT NVDA,1.80
2026-10-02T04:24Z,470,4,AAPL HOOD MSFT NVDA,3.55
2026-10-02T04:25Z,280,3,HOOD MSFT NVDA,3.38
2026-10-02T04:26Z,413,3,HOOD MSFT NVDA,2.63
2026-10-02T04:27Z,414,3,HOOD MSFT NVDA,5.12
2026-10-02T04:28Z,327,2,MSFT NVDA,1.98
2026-10-02T04:29Z,320,2,MSFT NVDA,2.88
2026-10-02T04:30Z,207,2,MSFT NVDA,2.81
2026-10-02T04:31Z,415,2,MSFT NVDA,2.81
2026-10-02T04:32Z,440,2,MSFT NVDA,2.74
2026-10-02T04:33Z,525,2,MSFT NVDA,2.80
2026-10-02T04:34Z,380,2,MSFT NVDA,2.29
2026-10-02T04:35Z,385,2,MSFT NVDA,1.48
2026-10-02T04:36Z,348,2,MSFT NVDA,2.06
2026-10-02T04:37Z,348,3,HOOD MSFT NVDA,2.52
2026-10-02T04:38Z,396,2,MSFT NVDA,2.55
2026-10-02T04:39Z,447,2,MSFT NVDA,2.45
2026-10-02T04:40Z,259,2,MSFT NVDA,1.74
2026-10-02T04:41Z,548,2,MSFT NVDA,3.08
2026-10-02T04:42Z,475,2,MSFT NVDA,1.55
2026-10-02T04:43Z,411,2,MSFT NVDA,1.93
2026-10-02T04:44Z,395,2,MSFT NVDA,2.35
2026-10-02T04:45Z,251,2,MSFT NVDA,2.07
2026-10-02T04:46Z,313,3,HOOD MSFT NVDA,2.03
2026-10-02T04:47Z,235,2,MSFT NVDA,2.11
2026-10-02T04:48Z,395,3,HOOD MSFT NVDA,2.37
2026-10-02T04:49Z,313,2,MSFT NVDA,2.33
2026-10-02T04:50Z,364,3,HOOD MSFT NVDA,1.99
2026-10-02T04:51Z,539,3,GOOGL MSFT NVDA,1.86
2026-10-02T04:52Z,439,3,GOOGL MSFT NVDA,2.28
2026-10-02T04:53Z,597,3,GOOGL MSFT NVDA,2.70
2026-10-02T04:54Z,421,3,GOOGL MSFT NVDA,6.79
2026-10-02T04:55Z,389,2,MSFT NVDA,4.53
2026-10-02T04:56Z,339,2,MSFT NVDA,1.45
2026-10-02T04:57Z,165,2,MSFT NVDA,1.17
2026-10-02T04:58Z,232,2,MSFT NVDA,1.49
2026-10-02T04:59Z,244,2,MSFT NVDA,1.51
2026-10-02T05:00Z,22,1,MSFT,1.04
2026-10-02T05:01Z,50,2,MSFT NVDA,1.93
2026-10-02T05:02Z,93,2,MSFT NVDA,1.42
2026-10-02T05:03Z,181,2,MSFT NVDA,0.45
2026-10-02T05:04Z,152,2,MSFT NVDA,0.95
2026-10-02T05:05Z,15,2,MSFT NVDA,0.52
2026-10-02T05:06Z,97,3,HOOD MSFT NVDA,0.95
2026-10-02T05:07Z,233,2,MSFT NVDA,1.13
2026-10-02T05:08Z,337,2,MSFT NVDA,2.41
2026-10-02T05:09Z,373,2,MSFT NVDA,0.95
2026-10-02T05:10Z,430,2,MSFT NVDA,1.11
2026-10-02T05:11Z,387,2,MSFT NVDA,1.56
2026-10-02T05:12Z,372,2,MSFT NVDA,2.08
2026-10-02T05:13Z,427,2,MSFT NVDA,1.38
2026-10-02T05:14Z,624,2,MSFT NVDA,1.29
2026-10-02T05:15Z,417,2,MSFT NVDA,1.29
2026-10-02T05:16Z,429,2,MSFT NVDA,1.44
2026-10-02T05:17Z,208,2,MSFT NVDA,2.11
2026-10-02T05:18Z,401,2,MSFT NVDA,1.72
2026-10-02T05:19Z,530,2,MSFT NVDA,1.99
2026-10-02T05:20Z,447,2,MSFT NVDA,1.38
2026-10-02T05:21Z,322,3,HOOD MSFT NVDA,1.31
2026-10-02T05:22Z,553,2,MSFT NVDA,2.63
2026-10-02T05:23Z,590,2,MSFT NVDA,1.38
2026-10-02T05:24Z,357,2,MSFT NVDA,1.63
2026-10-02T05:25Z,393,2,MSFT NVDA,1.65
2026-10-02T05:26Z,545,4,AMZN HOOD MSFT NVDA,1.46
2026-10-02T05:27Z,245,2,MSFT NVDA,0.96
2026-10-02T05:28Z,140,2,HOOD NVDA,0.57
2026-10-02T05:29Z,480,3,HOOD MSFT NVDA,1.95
2026-10-02T05:30Z,208,3,HOOD MSFT NVDA,1.05
2026-10-02T05:31Z,374,3,HOOD MSFT NVDA,1.98
2026-10-02T05:32Z,370,2,MSFT NVDA,1.21
2026-10-02T05:33Z,560,3,HOOD MSFT NVDA,1.82
2026-10-02T05:34Z,526,2,MSFT NVDA,1.68
2026-10-02T05:35Z,430,2,MSFT NVDA,1.64
2026-10-02T05:36Z,625,2,MSFT NVDA,1.50
2026-10-02T05:37Z,448,2,MSFT NVDA,1.39
2026-10-02T05:38Z,403,2,MSFT NVDA,1.09
2026-10-02T05:39Z,339,2,MSFT NVDA,0.90
2026-10-02T05:40Z,255,2,MSFT NVDA,1.83
2026-10-02T05:41Z,366,1,NVDA,2.28
2026-10-02T05:42Z,213,1,NVDA,2.26
2026-10-02T05:43Z,210,1,NVDA,2.68
2026-10-02T05:44Z,185,2,MSFT NVDA,3.98
2026-10-02T05:45Z,245,1,NVDA,2.59
2026-10-02T05:46Z,438,2,MSFT NVDA,1.24
2026-10-02T05:47Z,425,4,AMZN GOOGL MSFT NVDA,6.55
2026-10-02T05:48Z,760,3,GOOGL MSFT NVDA,1.30
2026-10-02T05:49Z,506,3,GOOGL MSFT NVDA,1.43
2026-10-02T05:50Z,545,2,MSFT NVDA,3.03
2026-10-02T05:51Z,640,2,MSFT NVDA,2.79
2026-10-02T05:52Z,500,2,MSFT NVDA,2.81
2026-10-02T05:53Z,495,2,MSFT NVDA,1.45
2026-10-02T05:54Z,539,2,MSFT NVDA,2.82
2026-10-02T05:55Z,426,2,MSFT NVDA,2.21
2026-10-02T05:56Z,474,2,MSFT NVDA,1.75
2026-10-02T05:57Z,509,2,MSFT NVDA,1.99
2026-10-02T05:58Z,467,2,MSFT NVDA,1.77
2026-10-02T05:59Z,450,2,MSFT NVDA,1.56
