stock,strategy,results,actionable_seconds,median_net_bps,max_net_bps,median_capacity_usd
MSFT,perp_spread,38940,6434,0.90,5.43,9104
MSFT,funding_differential,32678,6256,0.90,5.43,9115
NVDA,perp_spread,13070,2264,0.69,6.55,73682
NVDA,funding_differential,10970,2210,0.69,6.55,73384
GOOGL,perp_spread,4317,769,1.15,6.79,27897
GOOGL,funding_differential,3696,763,1.17,6.79,27897
HOOD,perp_spread,3106,744,0.59,6.41,49564
HOOD,funding_differential,2664,710,0.58,6.41,49715
AAPL,perp_spread,3449,622,0.61,3.98,19621
AAPL,funding_differential,2916,606,0.62,3.98,19621
COIN,perp_spread,618,111,0.79,4.19,4779
COIN,funding_differential,540,108,0.79,4.19,4770
META,perp_spread,323,62,0.72,2.87,9524
META,funding_differential,252,56,0.72,2.87,9524
AMZN,perp_spread,22,12,0.49,1.17,6563
MSTR,funding_differential,18,9,1.71,9.62,204201
AMZN,funding_differential,16,9,0.41,1.17,6497
MSTR,perp_spread,19,8,1.30,9.62,212403
TSLA,funding_differential,18,5,0.45,1.11,25142
TSLA,perp_spread,20,5,0.36,1.11,25142
results,actionable_seconds,actionable_minutes,stocks
117652,7904,440,10
